{
	"detectionInfo": [
		{
			"deviceType": "RC Controller",
			"estimatedDistance": 3.013565525925849,
			"freq": 2.445,
			"lastSeen": 1551844621.955553,
			"receivedDB": 0.11786594688892364
		},
		{
			"deviceType": "Flying pig",
			"estimatedDistance": 3.083565525925849,
			"freq": 2.11,
			"lastSeen": 1561844621.955553,
			"receivedDB": 0.18786594688892364
		}
	],
	"trackingInfo": [
		{
			"estimatedAngle": 161,
			"estimatedDistance": 25.1,
			"estimatedLat": 43.46951,
			"estimatedLon": -80.53195,
			"freq": 1.102,
			"lastSeen": 1550421514,
			"receivedDB": 0.5689
		}
	],
	"systemStats": {
		"currentScanFreq": 0.954,
		"currentTime": 1550421672,
		"currentTrackFreq": 1.102,
		"systemLat": 43.469407,
		"systemLon": -80.531794,
		"softwareVersion": 0.1,
		"uptime": 2826
	}
}