{
	"detectionInfo": [{
		"deviceType": "RC Controller",
		"estimatedDistance": 8.138539296734557,
		"freq": 2.445,
		"lastSeen": 1553024411.372216,
		"recivedDB": 0.02891217768192291,
		"variance": 0.00012159751440011927
	}, {
		"deviceType": "Video Transmitter",
		"estimatedDistance": 1.2932384580045835,
		"freq": 1.2,
		"lastSeen": 1553024267.20141,
		"recivedDB": 0.758627986907959,
		"variance": 0.012175944126780962
	}],
	"systemStats": {
		"connectedGNURadio": false,
		"connectedGPS": false,
		"connectedKerberos": true,
		"currentScanFreq": 1.12,
		"currentTime": 1553024608.235849,
		"currentTrackFreq": 0,
		"flowgraphVersion": 0.1,
		"softwareVersion": 0.1,
		"systemLat": 43.4728707,
		"systemLon": -80.5394302,
		"uptime": 565.1002089977264
	},
	"trackingInfo": [{
		"deviceType": "Video Transmitter",
		"estimatedAngle": 9.0,
		"estimatedDistance": 1.2932384580045835,
		"estimatedLat": 43.472951686040886,
		"estimatedLon": -80.53942768959075,
		"freq": 1.2,
		"lastSeen": 1553024592.602213,
		"recivedDB": 0.758627986907959,
		"variance": 0.0
	}]
}